"id","titulo","alt","ancho","alto","url"
"2463","153c3c67e2c0e6c65dee4bde1dfeba0a","","1200","800","https://riberamar.com/wp-content/uploads/2024/06/153c3c67e2c0e6c65dee4bde1dfeba0a.jpeg"
"2458","cb477e69d80c6f2f76e66bfcaf3cd740","","1200","800","https://riberamar.com/wp-content/uploads/2024/06/cb477e69d80c6f2f76e66bfcaf3cd740.jpeg"
"2457","dd7ef2cd00739a15eda56617dd316fc0","","1200","800","https://riberamar.com/wp-content/uploads/2024/06/dd7ef2cd00739a15eda56617dd316fc0.jpeg"
"2456","29837c8b29bccdaec8b2985dc90b201a","","1100","733","https://riberamar.com/wp-content/uploads/2024/06/29837c8b29bccdaec8b2985dc90b201a.jpeg"
"2455","920e51dbb0b19a9f6ad42d9c90a13a0d","","1200","800","https://riberamar.com/wp-content/uploads/2024/06/920e51dbb0b19a9f6ad42d9c90a13a0d.jpeg"
"2454","ff4b8e2d528e78811c20e0320d104088","","1200","800","https://riberamar.com/wp-content/uploads/2024/06/ff4b8e2d528e78811c20e0320d104088.jpeg"
"2453","d48b044cee57f1b8c1fe43a5486d95ce","","1100","825","https://riberamar.com/wp-content/uploads/2024/06/d48b044cee57f1b8c1fe43a5486d95ce.jpeg"
"2452","86ddee852f344481c6add3a01aeda97e","","1100","733","https://riberamar.com/wp-content/uploads/2024/06/86ddee852f344481c6add3a01aeda97e.jpeg"
"2451","9cc3dd6747cf587b0b560f8233319bba","","1100","733","https://riberamar.com/wp-content/uploads/2024/06/9cc3dd6747cf587b0b560f8233319bba.jpeg"
"2450","c0101ac1b1145cb35227ee0bbde8158c","","1100","733","https://riberamar.com/wp-content/uploads/2024/06/c0101ac1b1145cb35227ee0bbde8158c.jpeg"
"2384","200617 Villa Blue-0344-Editar","","1200","800","https://riberamar.com/wp-content/uploads/2024/06/200617-Villa-Blue-0344-Editar.jpg"
"2326","logo-email-dark-8","","415","346","https://riberamar.com/wp-content/uploads/2022/10/logo-email-dark-8.png"
"2287","whatsapp","","448","448","https://riberamar.com/wp-content/uploads/2022/09/whatsapp.png"
"1913","shutterstock_1317268844 (1)","","395","667","https://riberamar.com/wp-content/uploads/2021/03/shutterstock_1317268844-1.jpg"
"1815","CONDOCAMBIARSALA (3)","","1646","1076","https://riberamar.com/wp-content/uploads/2021/03/CONDOCAMBIARSALA-3.jpg"
"1811","CONDOCAMBIARSALA (1)","","1633","1076","https://riberamar.com/wp-content/uploads/2021/03/CONDOCAMBIARSALA-1.jpg"
"1783","12 A3 Master Bedroom-min","","2560","1706","https://riberamar.com/wp-content/uploads/2021/03/12-A3-Master-Bedroom-min-scaled.jpg"
"1764","SALA NUEVOS COLORES A2","","1200","801","https://riberamar.com/wp-content/uploads/2021/03/SALA-NUEVOS-COLORES-A2.jpg"
"1707","Webp.net-resizeimage (1)","","1300","868","https://riberamar.com/wp-content/uploads/2021/03/Webp.net-resizeimage-1.jpg"
"1706","Webp.net-resizeimage","","1040","693","https://riberamar.com/wp-content/uploads/2021/03/Webp.net-resizeimage.jpg"
"1705","200827 Rivera Mar-0001-min (1)","","2560","1706","https://riberamar.com/wp-content/uploads/2021/03/200827-Rivera-Mar-0001-min-1-scaled.jpg"
"1695","ezgif.com-gif-maker (12)","","1440","960","https://riberamar.com/wp-content/uploads/2021/03/ezgif.com-gif-maker-12.png"
"1694","ezgif.com-gif-maker (11)-min","","1440","2161","https://riberamar.com/wp-content/uploads/2021/03/ezgif.com-gif-maker-11-min.png"
"1693","Condo – Terrace","","1440","960","https://riberamar.com/wp-content/uploads/2021/03/ezgif.com-gif-maker-10.png"
"1688","ezgif.com-gif-maker (9)","","1440","1080","https://riberamar.com/wp-content/uploads/2021/03/ezgif.com-gif-maker-9.png"
"1687","ezgif.com-gif-maker (8)-min","","1440","1002","https://riberamar.com/wp-content/uploads/2021/03/ezgif.com-gif-maker-8-min.png"
"1686","ezgif.com-gif-maker (8)","","1440","1002","https://riberamar.com/wp-content/uploads/2021/03/ezgif.com-gif-maker-8.png"
"1685","Aquamare-garden","","1440","923","https://riberamar.com/wp-content/uploads/2021/03/Aquamare-garden.png"
"1683","ezgif.com-gif-maker (7)","","1440","1522","https://riberamar.com/wp-content/uploads/2021/03/ezgif.com-gif-maker-7.png"
"1676","Aquamare – Room","","1440","1080","https://riberamar.com/wp-content/uploads/2021/03/Aquamare-Room.jpg"
"1666","Aquamare-terrace","","1440","1080","https://riberamar.com/wp-content/uploads/2021/03/Aquamare-terrace.png"
"1665","Aquamare-terrace (2)","","1200","900","https://riberamar.com/wp-content/uploads/2021/03/Aquamare-terrace-2.png"
"1661","Aquamare – Jacuzzi","Aquamare - Jacuzzi","1440","961","https://riberamar.com/wp-content/uploads/2021/03/ezgif.com-gif-maker-6.png"
"1653","ezgif.com-gif-maker (5)-min","","1440","961","https://riberamar.com/wp-content/uploads/2021/03/ezgif.com-gif-maker-5-min.png"
"1649","Aquamare-Kitchen","","1440","961","https://riberamar.com/wp-content/uploads/2021/03/Aquamare-Kitchen.png"
"1648","Aquamare-Livingroom","","1440","961","https://riberamar.com/wp-content/uploads/2021/03/Aquamare-Livingroom.png"
"1647","Aquamare-Room","","1440","961","https://riberamar.com/wp-content/uploads/2021/03/Aquamare-Room.png"
"1625","ezgif.com-gif-maker-min","","1440","1079","https://riberamar.com/wp-content/uploads/2021/03/ezgif.com-gif-maker-min.png"
"1589","200818 Rivera Mar-0083-1","","2560","1709","https://riberamar.com/wp-content/uploads/2021/02/200818-Rivera-Mar-0083-1-scaled.jpg"
"1538","RiberaMarBlue-min","","1200","900","https://riberamar.com/wp-content/uploads/2021/02/RiberaMarBlue-min.png"
"1532","200827 Rivera Mar-0014-Editar-min","","2560","1706","https://riberamar.com/wp-content/uploads/2021/03/200827-Rivera-Mar-0014-Editar-min-scaled.jpg"
"1531","Condo – Jacuzzi","Condo - Jacuzzi","2560","1706","https://riberamar.com/wp-content/uploads/2021/03/200827-Rivera-Mar-0014-Editar-scaled.jpg"
"1511","desayuno terraza a2-min","","2560","1706","https://riberamar.com/wp-content/uploads/2021/03/desayuno-terraza-a2-min-scaled.jpg"
"1483","200619-rivera-mar-0200-hab-sec (1)","","650","434","https://riberamar.com/wp-content/uploads/2021/03/200619-rivera-mar-0200-hab-sec-1.jpg"
"1482","200619 Rivera Mar-0200 hab secundaria – copia-min (1)","","2560","1707","https://riberamar.com/wp-content/uploads/2021/03/200619-Rivera-Mar-0200-hab-secundaria-copia-min-1-scaled.jpg"
"1466","200827 Rivera Mar-0026-min","","2560","1706","https://riberamar.com/wp-content/uploads/2021/03/200827-Rivera-Mar-0026-min-scaled.jpg"
"1465","200827 Rivera Mar-0198-1-Editar-min","","2560","1436","https://riberamar.com/wp-content/uploads/2021/03/200827-Rivera-Mar-0198-1-Editar-min-scaled.jpg"
"1464","200827 Rivera Mar-0193-1-Editar-min","","2560","1436","https://riberamar.com/wp-content/uploads/2021/03/200827-Rivera-Mar-0193-1-Editar-min-scaled.jpg"
"1463","200827 Rivera Mar-0189-2-Editar-min","","2560","1436","https://riberamar.com/wp-content/uploads/2021/03/200827-Rivera-Mar-0189-2-Editar-min-scaled.jpg"
"1459","PERSPECTIVA-Arpel-07","","900","1327","https://riberamar.com/wp-content/uploads/2021/03/PERSPECTIVA-Arpel-07.jpg"
"1458","DCIM113MEDIADJI_0031.JPG","","385","586","https://riberamar.com/wp-content/uploads/2021/03/Arpel06-1-1024x594-1-1.jpg"
"1456","DCIM113MEDIADJI_0031.JPG","","1024","594","https://riberamar.com/wp-content/uploads/2021/03/Arpel06-1-1024x594-1.jpg"
"1437","Villa Ribera Mar – Dining Room Penthouse","","1200","800","https://riberamar.com/wp-content/uploads/2021/02/200619-Rivera-Mar-1068.jpg"
"1435","200619 Rivera Mar-0897","","1200","800","https://riberamar.com/wp-content/uploads/2021/02/200619-Rivera-Mar-0897.jpg"
"1434","200619 Rivera Mar-0889","","1200","800","https://riberamar.com/wp-content/uploads/2021/02/200619-Rivera-Mar-0889.jpg"
"1430","Villa Ribera Mar – Penthouse living room","","1200","800","https://riberamar.com/wp-content/uploads/2021/02/200619-Rivera-Mar-0870-Editar-min.jpg"
"1429","200619 Rivera Makr-0756","","1200","574","https://riberamar.com/wp-content/uploads/2021/02/200619-Rivera-Makr-0756.jpg"
"1427","Villa Ribera Mar –  Jacuzzi","","2560","1706","https://riberamar.com/wp-content/uploads/2021/02/200827-Rivera-Mar-0019-Editar-min-1-scaled.jpg"
"1417","200619 Rivera Mar-0636-1","","1200","800","https://riberamar.com/wp-content/uploads/2021/02/200619-Rivera-Mar-0636-1.jpg"
"1416","200619 Rivera Mar-0659","","800","1200","https://riberamar.com/wp-content/uploads/2021/02/200619-Rivera-Mar-0659.jpg"
"1412","Villa Ribera mar – Dining Room","Villa Ribera mar - Dining Room","1200","800","https://riberamar.com/wp-content/uploads/2021/02/11-A3-min.jpg"
"1410","Villa Ribera mar – Living Room","Villa Ribera mar - Living Room","2560","1706","https://riberamar.com/wp-content/uploads/2021/02/9-A3-min-scaled.jpg"
"1406","Villa Ribera Mar – View","Villa Ribera Mar - View","1534","1022","https://riberamar.com/wp-content/uploads/2021/02/Webp.net-resizeimage-4.jpg"
"1405","3 A3-min","","2560","1706","https://riberamar.com/wp-content/uploads/2021/02/3-A3-min-scaled.jpg"
"1384","1 A3 foto portada-min","","1200","673","https://riberamar.com/wp-content/uploads/2021/02/1-A3-foto-portada-min.jpg"
"1354","AQUAMARE","","1440","961","https://riberamar.com/wp-content/uploads/2021/02/AQUAMARE.jpg"
"1334","Kit","","1440","960","https://riberamar.com/wp-content/uploads/2021/02/Kit.jpg"
"1333","52a9dfad-8e54-4e28-8939-0223ac323666","","1440","807","https://riberamar.com/wp-content/uploads/2021/02/52a9dfad-8e54-4e28-8939-0223ac323666.jpeg"
"1332","Room","","1440","2161","https://riberamar.com/wp-content/uploads/2021/02/Room-1.jpeg"
"1331","Villa Ribera Mar – Room","","1440","960","https://riberamar.com/wp-content/uploads/2021/02/ROOMAP.jpeg"
"1330","LIVIDN","","1440","2161","https://riberamar.com/wp-content/uploads/2021/02/LIVIDN.jpeg"
"1329","rooftop","","1440","960","https://riberamar.com/wp-content/uploads/2021/02/rooftop.jpeg"
"1323","food","","1440","960","https://riberamar.com/wp-content/uploads/2021/02/food.jpg"
"1319","TropicalGarden","","1440","961","https://riberamar.com/wp-content/uploads/2021/02/TropicalGarden.jpeg"
"1317","Room","Room","1440","960","https://riberamar.com/wp-content/uploads/2021/02/064e1155-f2f8-4d62-9075-c3df9b785539.jpeg"
"1304","room","","1440","960","https://riberamar.com/wp-content/uploads/2021/02/room.jpeg"
"1303","5cfd6e86-9b66-4241-88a9-5004decf9d26","","1440","960","https://riberamar.com/wp-content/uploads/2021/02/5cfd6e86-9b66-4241-88a9-5004decf9d26.jpg"
"1302","DUPLEXB","","1440","960","https://riberamar.com/wp-content/uploads/2021/02/DUPLEXB.jpg"
"1301","food","","1440","960","https://riberamar.com/wp-content/uploads/2021/02/food.jpeg"
"1300","DUPLEXB","","1440","808","https://riberamar.com/wp-content/uploads/2021/02/DUPLEXB.jpeg"
"1280","Ribera mar duplex – Pool","Ribera mar duplex - Pool","1440","1080","https://riberamar.com/wp-content/uploads/2021/02/BEACH.jpg"
"1279","ViewsPool (1) (3) (1)","","1230","1075","https://riberamar.com/wp-content/uploads/2021/02/ViewsPool-1-3-1.jpg"
"1278","ViewsPool","","1200","800","https://riberamar.com/wp-content/uploads/2021/02/ViewsPool-2.jpg"
"1277","ViewsPool (1) (1)","","1286","1079","https://riberamar.com/wp-content/uploads/2021/02/ViewsPool-1-1.jpg"
"1276","ViewsPool (1)","","1520","1080","https://riberamar.com/wp-content/uploads/2021/02/ViewsPool-1.jpg"
"1275","ViewsPool","","1620","1080","https://riberamar.com/wp-content/uploads/2021/02/ViewsPool.jpg"
"1274","Pool","","1440","1080","https://riberamar.com/wp-content/uploads/2021/02/Pool.jpg"
"1273","Ribera mar duplex – Kitchen","Ribera mar duplex - Kitchen","1440","1080","https://riberamar.com/wp-content/uploads/2021/02/Kitchen1.jpg"
"1272","Stylish Duplex with magnificent Ocean View!!","","1350","1013","https://riberamar.com/wp-content/uploads/2021/02/Stylish-Duplex-with-magnificent-Ocean-View-2.jpg"
"1271","Riberamar – Views","Riberamar - Views","1350","1013","https://riberamar.com/wp-content/uploads/2021/02/Stylish-Duplex-with-magnificent-Ocean-View-1.jpg"
"1269","Kitchen","","1350","900","https://riberamar.com/wp-content/uploads/2021/02/Kitchen-1.jpeg"
"1265","Kitchen","","1440","960","https://riberamar.com/wp-content/uploads/2021/02/Kitchen.jpeg"
"1264","view","","1440","960","https://riberamar.com/wp-content/uploads/2021/02/view.jpeg"
"1263","Ribera mar – living room","","1440","1080","https://riberamar.com/wp-content/uploads/2021/02/living-room.jpeg"
"1262","Stylish Duplex with magnificent Ocean View!!","","1200","900","https://riberamar.com/wp-content/uploads/2021/02/Stylish-Duplex-with-magnificent-Ocean-View.jpg"
"977","200709 Rivera Mar-0001-min","","1200","800","https://riberamar.com/wp-content/uploads/2021/01/200709-Rivera-Mar-0001-min.jpg"
"969","200709 Rivera Mar-0003-min","","1200","800","https://riberamar.com/wp-content/uploads/2021/01/200709-Rivera-Mar-0003-min.jpg"
"965","200709 Rivera Mar-0243-min","","800","1200","https://riberamar.com/wp-content/uploads/2021/01/200709-Rivera-Mar-0243-min.jpg"
"964","200709 Rivera Mar-0209-min","","800","1200","https://riberamar.com/wp-content/uploads/2021/01/200709-Rivera-Mar-0209-min.jpg"
"963","200709 Rivera Mar-0172-min","","800","1200","https://riberamar.com/wp-content/uploads/2021/01/200709-Rivera-Mar-0172-min.jpg"
"962","200709 Rivera Mar-0165-min","","800","1200","https://riberamar.com/wp-content/uploads/2021/01/200709-Rivera-Mar-0165-min.jpg"
"961","Condo – room","","1200","800","https://riberamar.com/wp-content/uploads/2021/01/200709-Rivera-Mar-0153-min.jpg"
"960","200709 Rivera Mar-0143-min","","1200","474","https://riberamar.com/wp-content/uploads/2021/01/200709-Rivera-Mar-0143-min.jpg"
"959","200709 Rivera Mar-0131-min","","904","1200","https://riberamar.com/wp-content/uploads/2021/01/200709-Rivera-Mar-0131-min.jpg"
"958","200709 Rivera Mar-0115-min","","1200","497","https://riberamar.com/wp-content/uploads/2021/01/200709-Rivera-Mar-0115-min.jpg"
"957","200709 Rivera Mar-0108-min","","1200","471","https://riberamar.com/wp-content/uploads/2021/01/200709-Rivera-Mar-0108-min.jpg"
"956","200709 Rivera Mar-0050-min","","1200","661","https://riberamar.com/wp-content/uploads/2021/01/200709-Rivera-Mar-0050-min.jpg"
"944","200619 Rivera Mar-0057","","800","1200","https://riberamar.com/wp-content/uploads/2021/01/200619-Rivera-Mar-0057.jpg"
"918","200619 Rivera Mar-0366-Editar-min","","800","1200","https://riberamar.com/wp-content/uploads/2021/01/200619-Rivera-Mar-0366-Editar-min.jpg"
"917","200619 Rivera Mar-0353-min","","1200","800","https://riberamar.com/wp-content/uploads/2021/01/200619-Rivera-Mar-0353-min.jpg"
"916","200619 Rivera Mar-0315-Editar-min","","1200","800","https://riberamar.com/wp-content/uploads/2021/01/200619-Rivera-Mar-0315-Editar-min.jpg"
"915","200619 Rivera Mar-0262-Editar-min","","1200","800","https://riberamar.com/wp-content/uploads/2021/01/200619-Rivera-Mar-0262-Editar-min.jpg"
"914","200619 Rivera Mar-0241-Editar-min","","1200","808","https://riberamar.com/wp-content/uploads/2021/01/200619-Rivera-Mar-0241-Editar-min.jpg"
"913","200619 Rivera Mar-0222-Editar-1-min","","1200","800","https://riberamar.com/wp-content/uploads/2021/01/200619-Rivera-Mar-0222-Editar-1-min.jpg"
"912","200619 Rivera Mar-0200-min","","1200","800","https://riberamar.com/wp-content/uploads/2021/01/200619-Rivera-Mar-0200-min.jpg"
"911","200619 Rivera Mar-0174-min","","1200","800","https://riberamar.com/wp-content/uploads/2021/01/200619-Rivera-Mar-0174-min.jpg"
"910","200619 Rivera Mar-0169-min","","1200","800","https://riberamar.com/wp-content/uploads/2021/01/200619-Rivera-Mar-0169-min.jpg"
"909","200619 Rivera Mar-0165-min","","1200","800","https://riberamar.com/wp-content/uploads/2021/01/200619-Rivera-Mar-0165-min.jpg"
"908","200619 Rivera Mar-0163-min","","1200","800","https://riberamar.com/wp-content/uploads/2021/01/200619-Rivera-Mar-0163-min.jpg"
"907","200619 Rivera Mar-0153-min","","1200","800","https://riberamar.com/wp-content/uploads/2021/01/200619-Rivera-Mar-0153-min.jpg"
"906","200619 Rivera Mar-0107-min","","1200","800","https://riberamar.com/wp-content/uploads/2021/01/200619-Rivera-Mar-0107-min.jpg"
"905","200619 Rivera Mar-0070-min","","1200","800","https://riberamar.com/wp-content/uploads/2021/01/200619-Rivera-Mar-0070-min.jpg"
"904","200619 Rivera Mar-0064-min","","1200","800","https://riberamar.com/wp-content/uploads/2021/01/200619-Rivera-Mar-0064-min.jpg"
"883","200818 Rivera Mar-0086-1","","800","1200","https://riberamar.com/wp-content/uploads/2021/01/200818-Rivera-Mar-0086-1.jpg"
"882","200818 Rivera Mar-0090-1 (2)","","800","1200","https://riberamar.com/wp-content/uploads/2021/01/200818-Rivera-Mar-0090-1-2.jpg"
"881","200818 Rivera Mar-0048-Editar (1)","","1200","800","https://riberamar.com/wp-content/uploads/2021/01/200818-Rivera-Mar-0048-Editar-1.jpg"
"879","HDR_sin_título2 (1)","","1200","727","https://riberamar.com/wp-content/uploads/2021/01/HDR_sin_título2-1.jpg"
"878","200818 Rivera Mar-0031","","1200","800","https://riberamar.com/wp-content/uploads/2021/01/200818-Rivera-Mar-0031.jpg"
"874","HDR_sin_título2-min","","1200","727","https://riberamar.com/wp-content/uploads/2021/01/HDR_sin_título2-min-1.jpg"
"873","200818 Rivera Mar-0135-1-min","","1200","800","https://riberamar.com/wp-content/uploads/2021/01/200818-Rivera-Mar-0135-1-min.jpg"
"870","200818 Rivera Mar-0090-1 (1)-min","","800","1200","https://riberamar.com/wp-content/uploads/2021/01/200818-Rivera-Mar-0090-1-1-min.jpg"
"869","200818 Rivera Mar-0083-1-min","","1200","801","https://riberamar.com/wp-content/uploads/2021/01/200818-Rivera-Mar-0083-1-min.jpg"
"868","200818 Rivera Mar-0048-Editar-min","","1200","800","https://riberamar.com/wp-content/uploads/2021/01/200818-Rivera-Mar-0048-Editar-min.jpg"
"867","200818 Rivera Mar-0044-Editar-min","","1200","800","https://riberamar.com/wp-content/uploads/2021/01/200818-Rivera-Mar-0044-Editar-min.jpg"
"866","200818 Rivera Mar-0023-min","","1200","476","https://riberamar.com/wp-content/uploads/2021/01/200818-Rivera-Mar-0023-min.jpg"
"865","200818 Rivera Mar-0009-min","","1200","477","https://riberamar.com/wp-content/uploads/2021/01/200818-Rivera-Mar-0009-min.jpg"
"864","200818 Rivera Mar-0059-min","","1200","475","https://riberamar.com/wp-content/uploads/2021/01/200818-Rivera-Mar-0059-min.jpg"
"849","200709 Aquamare-0065-Editar","","1200","800","https://riberamar.com/wp-content/uploads/2021/01/200709-Aquamare-0065-Editar.jpg"
"848","200709 Aquamare-0013-Editar","","1200","800","https://riberamar.com/wp-content/uploads/2021/01/200709-Aquamare-0013-Editar.jpg"
"847","200709 Aquamare-0001-Editar","","1200","800","https://riberamar.com/wp-content/uploads/2021/01/200709-Aquamare-0001-Editar.jpg"
"846","200709 Aquamare 2-0271-Editar","","1200","485","https://riberamar.com/wp-content/uploads/2021/01/200709-Aquamare-2-0271-Editar.jpg"
"845","200709 Aquamare 2-0263-Editar","","1200","480","https://riberamar.com/wp-content/uploads/2021/01/200709-Aquamare-2-0263-Editar-1.jpg"
"844","200709 Aquamare 2-0242-Editar","","817","1200","https://riberamar.com/wp-content/uploads/2021/01/200709-Aquamare-2-0242-Editar.jpg"
"843","HDR_sin_título2","","1200","799","https://riberamar.com/wp-content/uploads/2021/01/HDR_sin_titulo2.jpg"
"842","200709 Aquamare-0476","","1200","800","https://riberamar.com/wp-content/uploads/2021/01/200709-Aquamare-0476.jpg"
"841","200709 Aquamare-0407","","800","1200","https://riberamar.com/wp-content/uploads/2021/01/200709-Aquamare-0407.jpg"
"840","200709 Aquamare-0387-Editar","","1200","800","https://riberamar.com/wp-content/uploads/2021/01/200709-Aquamare-0387-Editar.jpg"
"839","200709 Aquamare-0381-Editar","","1200","820","https://riberamar.com/wp-content/uploads/2021/01/200709-Aquamare-0381-Editar.jpg"
"838","200709 Aquamare-0379","","1200","558","https://riberamar.com/wp-content/uploads/2021/01/200709-Aquamare-0379.jpg"
"837","200709 Aquamare-0326","","1200","800","https://riberamar.com/wp-content/uploads/2021/01/200709-Aquamare-0326.jpg"
"836","200709 Aquamare-0279","","1200","800","https://riberamar.com/wp-content/uploads/2021/01/200709-Aquamare-0279.jpg"
"835","200709 Aquamare-0156-Editar","","800","1200","https://riberamar.com/wp-content/uploads/2021/01/200709-Aquamare-0156-Editar.jpg"
"834","200709 Aquamare-0128","","1200","800","https://riberamar.com/wp-content/uploads/2021/01/200709-Aquamare-0128.jpg"
"833","200709 Aquamare-0106","","1200","800","https://riberamar.com/wp-content/uploads/2021/01/200709-Aquamare-0106.jpg"
"832","200709 Aquamare-0094-Editar","","1200","800","https://riberamar.com/wp-content/uploads/2021/01/200709-Aquamare-0094-Editar.jpg"
"831","200709 Aquamare-0087-Editar-2","","1200","800","https://riberamar.com/wp-content/uploads/2021/01/200709-Aquamare-0087-Editar-2.jpg"
"827","200709 Aquamare 2-0263-Editar","","1200","480","https://riberamar.com/wp-content/uploads/2021/01/200709-Aquamare-2-0263-Editar.jpg"
"826","200827 Rivera Mar-0262-Editar piscina con areas de sentar-min","","2560","1703","https://riberamar.com/wp-content/uploads/2021/01/200827-Rivera-Mar-0262-Editar-piscina-con-areas-de-sentar-min-scaled.jpg"
"797","200630 Villa Playa-0206-Editar-min","","1200","800","https://riberamar.com/wp-content/uploads/2021/01/200630-Villa-Playa-0206-Editar-min.jpg"
"796","200630 Villa Playa-0120-min","","1200","800","https://riberamar.com/wp-content/uploads/2021/01/200630-Villa-Playa-0120-min.jpg"
"795","200630 Villa Playa-0089-min","","1200","800","https://riberamar.com/wp-content/uploads/2021/01/200630-Villa-Playa-0089-min.jpg"
"794","Villa Playa – Dinning room","Villa Playa - Dinning room","1200","800","https://riberamar.com/wp-content/uploads/2021/01/200630-Villa-Playa-0077-Editar-min.jpg"
"793","Villa Playa – room","","1200","800","https://riberamar.com/wp-content/uploads/2021/01/200630-Villa-Playa-0048-Editar-min.jpg"
"792","Villa Playa – Room","Villa Playa - Room","1200","800","https://riberamar.com/wp-content/uploads/2021/01/200630-Villa-Playa-0028-Editar-min.jpg"
"791","200630 Villa Playa-0020-min","","923","1200","https://riberamar.com/wp-content/uploads/2021/01/200630-Villa-Playa-0020-min-1.jpg"
"790","200630 Villa Playa-0675-min","","1200","800","https://riberamar.com/wp-content/uploads/2021/01/200630-Villa-Playa-0675-min.jpg"
"789","200630 Villa Playa-0660-Editar-min","","800","1200","https://riberamar.com/wp-content/uploads/2021/01/200630-Villa-Playa-0660-Editar-min.jpg"
"788","200630 Villa Playa-0648-Editar-min","","1200","800","https://riberamar.com/wp-content/uploads/2021/01/200630-Villa-Playa-0648-Editar-min.jpg"
"787","200630 Villa Playa-0632-Editar-min","","1200","800","https://riberamar.com/wp-content/uploads/2021/01/200630-Villa-Playa-0632-Editar-min.jpg"
"786","200630 Villa Playa-0498-min","","1200","900","https://riberamar.com/wp-content/uploads/2021/01/200630-Villa-Playa-0498-min.jpg"
"785","200630 Villa Playa-0435-Editar-min","","1200","900","https://riberamar.com/wp-content/uploads/2021/01/200630-Villa-Playa-0435-Editar-min.jpg"
"784","200630 Villa Playa-0415-Editar-min","","1200","504","https://riberamar.com/wp-content/uploads/2021/01/200630-Villa-Playa-0415-Editar-min.jpg"
"783","200630 Villa Playa-0413-min","","1200","474","https://riberamar.com/wp-content/uploads/2021/01/200630-Villa-Playa-0413-min.jpg"
"782","200630 Villa Playa-0319-Editar-Editar-min","","800","1200","https://riberamar.com/wp-content/uploads/2021/01/200630-Villa-Playa-0319-Editar-Editar-min.jpg"
"781","200630 Villa Playa-0308-min","","800","1200","https://riberamar.com/wp-content/uploads/2021/01/200630-Villa-Playa-0308-min.jpg"
"780","200630 Villa Playa-0269-min","","1200","800","https://riberamar.com/wp-content/uploads/2021/01/200630-Villa-Playa-0269-min.jpg"
"779","200630 Villa Playa-0252-min","","1200","800","https://riberamar.com/wp-content/uploads/2021/01/200630-Villa-Playa-0252-min.jpg"
"778","200630 Villa Playa-0251-min","","1200","800","https://riberamar.com/wp-content/uploads/2021/01/200630-Villa-Playa-0251-min-1.jpg"
"763","200619 Rivera Mar-0200 hab secundaria-min","","2560","1707","https://riberamar.com/wp-content/uploads/2021/01/200619-Rivera-Mar-0200-hab-secundaria-min-scaled.jpg"
"762","200619 Rivera Mar-0506-Editar sala crema-min","","2560","1708","https://riberamar.com/wp-content/uploads/2021/01/200619-Rivera-Mar-0506-Editar-sala-crema-min-scaled.jpg"
"750","200827 Rivera Mar-0439-Editar-min","","2560","1436","https://riberamar.com/wp-content/uploads/2021/01/200827-Rivera-Mar-0439-Editar-min-scaled.jpg"
"704","1 (1)-min","","2560","1436","https://riberamar.com/wp-content/uploads/2021/01/1-1-min-scaled.jpg"
"703","200827 Rivera Mar-0219-1-1-min","","2560","1436","https://riberamar.com/wp-content/uploads/2021/01/200827-Rivera-Mar-0219-1-1-min-scaled.jpg"
"702","200827 Rivera Mar-0217-1-1-min","","2560","1436","https://riberamar.com/wp-content/uploads/2021/01/200827-Rivera-Mar-0217-1-1-min-scaled.jpg"
"701","200827 Rivera Mar-0205-1-1-min","","2560","1436","https://riberamar.com/wp-content/uploads/2021/01/200827-Rivera-Mar-0205-1-1-min-scaled.jpg"
"700","200827 Rivera Mar-0193-1-Editar-min","","2560","1436","https://riberamar.com/wp-content/uploads/2021/01/200827-Rivera-Mar-0193-1-Editar-min-scaled.jpg"
"699","200827 Rivera Mar-0135-Editar-min-min","","2560","1699","https://riberamar.com/wp-content/uploads/2021/01/200827-Rivera-Mar-0135-Editar-min-min-scaled.jpg"
"698","200827 Rivera Mar-0135-Editar-min","","2560","1699","https://riberamar.com/wp-content/uploads/2021/01/200827-Rivera-Mar-0135-Editar-min-scaled.jpg"
"697","200827 Rivera Mar-0026-min","","2560","1706","https://riberamar.com/wp-content/uploads/2021/01/200827-Rivera-Mar-0026-min-scaled.jpg"
"689","8 A3-min (1)","","2560","1436","https://riberamar.com/wp-content/uploads/2021/01/8-A3-min-1-scaled.jpg"
"628","LEGIT-2.png","","222","58","https://riberamar.com/wp-content/uploads/2021/01/LEGIT-2.png"
"611","kane-reinholdtsen-188778-unsplash.jpg","","1200","800","https://riberamar.com/wp-content/uploads/2021/01/kane-reinholdtsen-188778-unsplash.jpg"
"591","luxury-premiumroom-3.jpg","","400","275","https://riberamar.com/wp-content/uploads/2021/01/luxury-premiumroom-3.jpg"
"590","luxury-premiumroom-2.jpg","","400","275","https://riberamar.com/wp-content/uploads/2021/01/luxury-premiumroom-2.jpg"
"589","luxury-premiumroom-1.jpg","","400","275","https://riberamar.com/wp-content/uploads/2021/01/luxury-premiumroom-1.jpg"
"588","our-hotel.jpg","","441","348","https://riberamar.com/wp-content/uploads/2021/01/our-hotel.jpg"
"587","our-hotel-01.jpg","","441","348","https://riberamar.com/wp-content/uploads/2021/01/our-hotel-01.jpg"
"586","our-hotel-02.jpg","","441","348","https://riberamar.com/wp-content/uploads/2021/01/our-hotel-02.jpg"
"585","testimonial.png","","103","104","https://riberamar.com/wp-content/uploads/2021/01/testimonial.png"
"502","Villa Blu – Room","Villa Blu - Room","2560","1706","https://riberamar.com/wp-content/uploads/2021/01/200617-Villa-Blue-0059-Editar-min-scaled.jpg"
"501","200617 Villa Blue-0023-Editar-min","","2560","1707","https://riberamar.com/wp-content/uploads/2021/01/200617-Villa-Blue-0023-Editar-min-scaled.jpg"
"500","Villa Blu – Living room","Villa Blu - Living room","2560","1706","https://riberamar.com/wp-content/uploads/2021/01/HDR_sin_título2-min-scaled.jpg"
"499","200617 Villa Blue-0951-min","","1706","2560","https://riberamar.com/wp-content/uploads/2021/01/200617-Villa-Blue-0951-min-scaled.jpg"
"498","200617 Villa Blue-0773-min","","2560","1435","https://riberamar.com/wp-content/uploads/2021/01/200617-Villa-Blue-0773-min-scaled.jpg"
"497","200617 Villa Blue-0772-min","","2560","1436","https://riberamar.com/wp-content/uploads/2021/01/200617-Villa-Blue-0772-min-scaled.jpg"
"496","200617 Villa Blue-0771-min","","2560","1436","https://riberamar.com/wp-content/uploads/2021/01/200617-Villa-Blue-0771-min-scaled.jpg"
"495","200617 Villa Blue-0751-min","","2560","1919","https://riberamar.com/wp-content/uploads/2021/01/200617-Villa-Blue-0751-min-scaled.jpg"
"494","200617 Villa Blue-0749-min","","2560","1919","https://riberamar.com/wp-content/uploads/2021/01/200617-Villa-Blue-0749-min-scaled.jpg"
"493","200617 Villa Blue-0748-min","","2560","1919","https://riberamar.com/wp-content/uploads/2021/01/200617-Villa-Blue-0748-min-scaled.jpg"
"492","Villa Blu – Room","Villa Blu - Room","2560","1706","https://riberamar.com/wp-content/uploads/2021/01/200617-Villa-Blue-0274-Editar-min-scaled.jpg"
"491","200617 Villa Blue-0224-Editar-min","","2560","1024","https://riberamar.com/wp-content/uploads/2021/01/200617-Villa-Blue-0224-Editar-min-scaled.jpg"
"490","200617 Villa Blue-0064-Editar-min","","2560","1706","https://riberamar.com/wp-content/uploads/2021/01/200617-Villa-Blue-0064-Editar-min-scaled.jpg"
"474","200617 Villa Blue-0222-min","","2560","1010","https://riberamar.com/wp-content/uploads/2021/01/200617-Villa-Blue-0222-min-scaled.jpg"
"455","lee-miller-47629-unsplash.jpg","","1980","1338","https://riberamar.com/wp-content/uploads/2021/01/lee-miller-47629-unsplash.jpg"
"441","Villa Blu – Pool","Villa Blu - Pool","2560","1706","https://riberamar.com/wp-content/uploads/2021/01/200617-Villa-Blue-0186-Editar-Editar-1-min-2-scaled.jpg"
"440","200630 Villa Playa-0001-min","","1200","799","https://riberamar.com/wp-content/uploads/2021/01/200630-Villa-Playa-0001-min.jpg"
"439","Villa Playa – Pool","Villa Playa - Pool","1200","800","https://riberamar.com/wp-content/uploads/2021/01/200630-Villa-Playa-0251-min.jpg"
"438","200630 Villa Playa-0281-min","","1200","800","https://riberamar.com/wp-content/uploads/2021/01/200630-Villa-Playa-0281-min.jpg"
"433","200630 Villa Playa-0020-min","","923","1200","https://riberamar.com/wp-content/uploads/2021/01/200630-Villa-Playa-0020-min.jpg"
"431","RIBE-min","","1461","1733","https://riberamar.com/wp-content/uploads/2021/01/RIBE-min.png"
"430","RIBE","","1461","1733","https://riberamar.com/wp-content/uploads/2021/01/RIBE.png"
"426","Layer 0","","1163","1733","https://riberamar.com/wp-content/uploads/2021/01/Layer-0.png"
"414","geo-1-2.png","","200","150","https://riberamar.com/wp-content/uploads/2021/01/geo-1-2.png"
"413","ARMOND-1.png","","200","150","https://riberamar.com/wp-content/uploads/2021/01/ARMOND-1.png"
"412","madrin-1-2.png","","200","150","https://riberamar.com/wp-content/uploads/2021/01/madrin-1-2.png"
"411","zusman-1-1.png","","200","150","https://riberamar.com/wp-content/uploads/2021/01/zusman-1-1.png"
"410","FIFTHFLOUR.png","","200","150","https://riberamar.com/wp-content/uploads/2021/01/FIFTHFLOUR.png"
"409","quest-1.png","","200","150","https://riberamar.com/wp-content/uploads/2021/01/quest-1.png"
"408","x.venox_.png","","200","150","https://riberamar.com/wp-content/uploads/2021/01/x.venox_.png"
"407","15.png","","1998","867","https://riberamar.com/wp-content/uploads/2021/01/15.png"
"406","16-3.png","","248","297","https://riberamar.com/wp-content/uploads/2021/01/16-3.png"
"405","15-3.png","","247","297","https://riberamar.com/wp-content/uploads/2021/01/15-3.png"
"404","3-2.png","","833","1198","https://riberamar.com/wp-content/uploads/2021/01/3-2.png"
"403","4-2.png","","892","1260","https://riberamar.com/wp-content/uploads/2021/01/4-2.png"
"399","img-13.jpg","","1920","1281","https://riberamar.com/wp-content/uploads/2021/01/img-13.jpg"
"398","img-12.jpg","","1000","1000","https://riberamar.com/wp-content/uploads/2021/01/img-12.jpg"
"397","img-11.jpg","","1000","1000","https://riberamar.com/wp-content/uploads/2021/01/img-11.jpg"
"396","img-8-1.jpg","","1920","1272","https://riberamar.com/wp-content/uploads/2021/01/img-8-1.jpg"
"395","sample-parallax.jpg","","1280","720","https://riberamar.com/wp-content/uploads/2021/01/sample-parallax.jpg"
"394","img-3-1.jpg","","1000","1000","https://riberamar.com/wp-content/uploads/2021/01/img-3-1.jpg"
"393","img-4-1.jpg","","1000","1000","https://riberamar.com/wp-content/uploads/2021/01/img-4-1.jpg"
"392","img-5-1.jpg","","1000","1000","https://riberamar.com/wp-content/uploads/2021/01/img-5-1.jpg"
"391","img-7.jpg","","1000","1000","https://riberamar.com/wp-content/uploads/2021/01/img-7.jpg"
"390","img-6-1.jpg","","1000","1000","https://riberamar.com/wp-content/uploads/2021/01/img-6-1.jpg"
"389","img-10.jpg","","1061","997","https://riberamar.com/wp-content/uploads/2021/01/img-10.jpg"
"388","img-14.jpg","","1920","767","https://riberamar.com/wp-content/uploads/2021/01/img-14.jpg"
"387","img-1-1.jpg","","1920","767","https://riberamar.com/wp-content/uploads/2021/01/img-1-1.jpg"
"386","hotel-logo.png","","383","57","https://riberamar.com/wp-content/uploads/2021/01/hotel-logo.png"
"376","hotel-in-reykjavik-L7RVVS9.jpg","","1800","1200","https://riberamar.com/wp-content/uploads/2021/01/hotel-in-reykjavik-L7RVVS9.jpg"
"375","hotel-room-9RDF6RK.jpg","","1800","1350","https://riberamar.com/wp-content/uploads/2021/01/hotel-room-9RDF6RK.jpg"
"374","interior-of-hotel-room-P8CKVZP.jpg","","1800","1200","https://riberamar.com/wp-content/uploads/2021/01/interior-of-hotel-room-P8CKVZP.jpg"
"373","hotel-room-VMF28RA.jpg","","1800","1200","https://riberamar.com/wp-content/uploads/2021/01/hotel-room-VMF28RA.jpg"
"372","abstract-surrealism-shape-art-3d-rendering-HPFES6W.jpg","","2000","2000","https://riberamar.com/wp-content/uploads/2021/01/abstract-surrealism-shape-art-3d-rendering-HPFES6W.jpg"
"371","vihula-manor-hotel-bedroom-interior-YC84YHL.jpg","","1800","1200","https://riberamar.com/wp-content/uploads/2021/01/vihula-manor-hotel-bedroom-interior-YC84YHL.jpg"
"370","interior-of-a-modern-hotel-bathroom-PTGA9DG.jpg","","1800","1199","https://riberamar.com/wp-content/uploads/2021/01/interior-of-a-modern-hotel-bathroom-PTGA9DG.jpg"
"369","3d-rendering-luxury-tropical-bedroom-suite-in-reso-WBYZSNR.jpg","","1800","1200","https://riberamar.com/wp-content/uploads/2021/01/3d-rendering-luxury-tropical-bedroom-suite-in-reso-WBYZSNR.jpg"
"350","Dèxor.png","","358","86","https://riberamar.com/wp-content/uploads/2021/01/Dèxor.png"
"349","luxury-family-room-8V32SB5.jpg","","1800","1350","https://riberamar.com/wp-content/uploads/2021/01/luxury-family-room-8V32SB5.jpg"
"348","3d-rendering-luxury-tropical-bedroom-suite-in-reso-JQKGC5L.jpg","","1800","1200","https://riberamar.com/wp-content/uploads/2021/01/3d-rendering-luxury-tropical-bedroom-suite-in-reso-JQKGC5L.jpg"
"347","the-lobby-of-the-hotel-PEX7WLZ.jpg","","1800","1165","https://riberamar.com/wp-content/uploads/2021/01/the-lobby-of-the-hotel-PEX7WLZ.jpg"
"346","flamingo-float-around-swimming-pool-in-hotel-resor-8RE79VY.jpg","","1800","1200","https://riberamar.com/wp-content/uploads/2021/01/flamingo-float-around-swimming-pool-in-hotel-resor-8RE79VY.jpg"
"345","resort-pool-sunset-RAJV5MM.jpg","","1800","1350","https://riberamar.com/wp-content/uploads/2021/01/resort-pool-sunset-RAJV5MM.jpg"
"344","a-bird-39-s-eye-view-of-the-beach-near-the-resort-56SDZZC.jpg","","1800","1199","https://riberamar.com/wp-content/uploads/2021/01/a-bird-39-s-eye-view-of-the-beach-near-the-resort-56SDZZC.jpg"
"343","luxury-beach-resort-BHT4WWB.jpg","","1800","1200","https://riberamar.com/wp-content/uploads/2021/01/luxury-beach-resort-BHT4WWB.jpg"
"342","resort-town-in-greece-XKRVPA6.jpg","","1800","1200","https://riberamar.com/wp-content/uploads/2021/01/resort-town-in-greece-XKRVPA6.jpg"
"341","hotel-HTP2XSE.jpg","","1800","1201","https://riberamar.com/wp-content/uploads/2021/01/hotel-HTP2XSE.jpg"
"340","hotel-8NMZWXE.jpg","","1800","1200","https://riberamar.com/wp-content/uploads/2021/01/hotel-8NMZWXE.jpg"
"339","happy-couple-at-a-resort-TYH4WPU.jpg","","1800","1202","https://riberamar.com/wp-content/uploads/2021/01/happy-couple-at-a-resort-TYH4WPU.jpg"
"338","logo-dark-2.png","","305","121","https://riberamar.com/wp-content/uploads/2021/01/logo-dark-2.png"
"337","logo-dark-1-1.png","","247","89","https://riberamar.com/wp-content/uploads/2021/01/logo-dark-1-1.png"
"336","logo-dark-1.png","","284","127","https://riberamar.com/wp-content/uploads/2021/01/logo-dark-1.png"
"335","ISAAC.png","","284","67","https://riberamar.com/wp-content/uploads/2021/01/ISAAC.png"
"334","Group-2.png","","264","101","https://riberamar.com/wp-content/uploads/2021/01/Group-2.png"
"333","Group-1.png","","335","99","https://riberamar.com/wp-content/uploads/2021/01/Group-1.png"
"332","De%CC%80xor.png","","358","86","https://riberamar.com/wp-content/uploads/2021/01/DeCC80xor.png"
"331","dark.png","","326","100","https://riberamar.com/wp-content/uploads/2021/01/dark.png"
"330","dark-1.png","","210","75","https://riberamar.com/wp-content/uploads/2021/01/dark-1.png"
"329","ALBION-dark.png","","240","75","https://riberamar.com/wp-content/uploads/2021/01/ALBION-dark.png"
"328","bungalows-at-a-luxury-resort-47YMEF6.jpg","","1800","1201","https://riberamar.com/wp-content/uploads/2021/01/bungalows-at-a-luxury-resort-47YMEF6.jpg"
"327","aerial-view-of-beautiful-hotel-on-the-water-in-oce-4PSJRVZ.jpg","","1800","1199","https://riberamar.com/wp-content/uploads/2021/01/aerial-view-of-beautiful-hotel-on-the-water-in-oce-4PSJRVZ.jpg"
"326","tropical-resort-P56LLKR.jpg","","1800","1200","https://riberamar.com/wp-content/uploads/2021/01/tropical-resort-P56LLKR.jpg"
"297","luxuarious-bg.png","","1493","411","https://riberamar.com/wp-content/uploads/2021/01/luxuarious-bg.png"
"296","luxury-hero-bg.jpg","","1920","820","https://riberamar.com/wp-content/uploads/2021/01/luxury-hero-bg.jpg"
"291","Ribera-Mar-Icono-Web-Location","","40","66","https://riberamar.com/wp-content/uploads/2021/01/Ribera-Mar-Icono-Web-Location.png"
"256","Logo Ribera MarERE","","289","84","https://riberamar.com/wp-content/uploads/2021/01/Logo-Ribera-MarERE.png"
"252","ICONERE","","53","63","https://riberamar.com/wp-content/uploads/2021/01/ICONERE.png"
"251","HEYU","","97","111","https://riberamar.com/wp-content/uploads/2021/01/HEYU.png"
"250","Iconos-GPS-CACAO-03","","40","66","https://riberamar.com/wp-content/uploads/2021/01/Iconos-GPS-CACAO-03.png"
"249","Group 12 Copy 2","","82","90","https://riberamar.com/wp-content/uploads/2021/01/Group-12-Copy-2-1.png"
"248","Iconos-GPS-CACAO-05","","40","66","https://riberamar.com/wp-content/uploads/2021/01/Iconos-GPS-CACAO-05.png"
"247","Group 12 Copy 2","","124","150","https://riberamar.com/wp-content/uploads/2021/01/Group-12-Copy-2.png"
"194","placeholder.png","","1200","800","https://riberamar.com/wp-content/uploads/2021/01/placeholder.png"
"193","LEGIT.png","","222","58","https://riberamar.com/wp-content/uploads/2021/01/LEGIT.png"
"163","200619 Rivera Mar-0064-min","","1200","800","https://riberamar.com/wp-content/uploads/2020/12/200619-Rivera-Mar-0064-min.jpg"
"162","RiberaMar – Penthouse – Jacuzzi","RiberaMar - Penthouse - Jacuzzi","1200","800","https://riberamar.com/wp-content/uploads/2020/12/200619-Rivera-Mar-0165-min.jpg"
"161","200619 Rivera Mar-0174-min","","1200","800","https://riberamar.com/wp-content/uploads/2020/12/200619-Rivera-Mar-0174-min.jpg"
"160","200619 Rivera Mar-0176-min","","800","1200","https://riberamar.com/wp-content/uploads/2020/12/200619-Rivera-Mar-0176-min.jpg"
"159","RiberaMar – Penthouse – TerraceTerra","RiberaMar - Penthouse - TerraceTerra","1200","800","https://riberamar.com/wp-content/uploads/2020/12/200619-Rivera-Mar-0178-min.jpg"
"150","RiberaMar – Living room – Penthouse","RiberaMar - Living room - Penthouse","956","541","https://riberamar.com/wp-content/uploads/2020/12/200619-Rivera-Mar-0566-Editar.png"
"149","RiberaMar – Penthouse – View","RiberaMar - Penthouse - ViewV","965","541","https://riberamar.com/wp-content/uploads/2020/12/200827-Rivera-Mar-0242-1-1.png"
"134","portrait, woman, female-597173","portrait, woman, female","854","1280","https://riberamar.com/wp-content/uploads/2020/12/portrait-woman-female-597173.jpg"
"100","shutterstock_288252677","","406","288","https://riberamar.com/wp-content/uploads/2020/12/shutterstock_288252677.png"
"99","shutterstock_553173229","","406","288","https://riberamar.com/wp-content/uploads/2020/12/shutterstock_553173229.png"
"95","shutterstock_388561318","","406","288","https://riberamar.com/wp-content/uploads/2020/12/shutterstock_388561318.png"
"94","200709 Rivera Mar-0131","","406","288","https://riberamar.com/wp-content/uploads/2020/12/200709-Rivera-Mar-0131.png"
"93","200709 Rivera Mar-0245 (1)","","406","288","https://riberamar.com/wp-content/uploads/2020/12/200709-Rivera-Mar-0245-1.png"
"77","200818 Rivera Mar-0135-1","","406","288","https://riberamar.com/wp-content/uploads/2020/12/200818-Rivera-Mar-0135-1.png"
"66","Security21","","72","55","https://riberamar.com/wp-content/uploads/2020/12/Security21.png"
"65","Service","","64","55","https://riberamar.com/wp-content/uploads/2020/12/Service.png"
"64","security","","174","26","https://riberamar.com/wp-content/uploads/2020/12/security.png"
"63","Exclusive","","57","57","https://riberamar.com/wp-content/uploads/2020/12/Exclusive.png"
"42","mountain-3.jpg","","379","218","https://riberamar.com/wp-content/uploads/2020/12/mountain-3.jpg"
"41","snow-1.jpg","","378","385","https://riberamar.com/wp-content/uploads/2020/12/snow-1.jpg"
"40","image-1.jpg","","378","385","https://riberamar.com/wp-content/uploads/2020/12/image-1.jpg"
"39","snow.jpg","","379","218","https://riberamar.com/wp-content/uploads/2020/12/snow.jpg"
"38","section-bg-img.jpg","","1920","800","https://riberamar.com/wp-content/uploads/2020/12/section-bg-img.jpg"
"37","walking-v1.jpg","","644","402","https://riberamar.com/wp-content/uploads/2020/12/walking-v1.jpg"
"36","hiking-v1.jpg","","644","402","https://riberamar.com/wp-content/uploads/2020/12/hiking-v1.jpg"
"35","quote-1.png","","200","154","https://riberamar.com/wp-content/uploads/2020/12/quote-1.png"
"30","Logo Ribera Mar","","1156","336","https://riberamar.com/wp-content/uploads/2020/12/Logo-Ribera-Mar.png"
"19","cropped-Screen-Shot-2020-11-18-at-12.17.32-PM.png","","512","512","https://riberamar.com/wp-content/uploads/2020/11/cropped-Screen-Shot-2020-11-18-at-12.17.32-PM.png"
"18","Screen Shot 2020-11-18 at 12.17.32 PM","","296","172","https://riberamar.com/wp-content/uploads/2020/11/Screen-Shot-2020-11-18-at-12.17.32-PM.png"
"14","3.jpg","","1600","953","https://riberamar.com/wp-content/uploads/2020/11/3.jpg"
